<?xml version="1.0" encoding="UTF-8"?>
<changelog xmlns="http://www.omnigroup.com/namespace/OmniPlan/v2">
  <version>2.1</version>
  <task-change-set user="屠子睿" date="2019-01-03T18:42:48.517Z" timestamp="2019-01-03T18:42:48.517Z">
    <change idref="t2" to="t-1" to-position="1" resolved="yes">
      <change idref="t2" attribute="effort" type="real" from="28800" to="86400"/>
      <change idref="t2" attribute="noEarlierThanConstraintDate" type="date" to="2019-01-09T08:00:00.000Z"/>
      <change idref="t2" attribute="title" type="string" to="确定结构和具体方案"/>
    </change>
    <change idref="t3" to="t-1" to-position="2" resolved="yes">
      <change idref="t3" attribute="effort" type="real" from="28800" to="144000"/>
      <change idref="t3" attribute="noEarlierThanConstraintDate" type="date" to="2019-01-11T08:00:00.000Z"/>
      <change idref="t3" attribute="title" type="string" to="实现baseline"/>
    </change>
    <change idref="t1" attribute="title" type="string" from="Task 1" to="论文收集" resolved="yes"/>
    <change idref="t1" attribute="effort" type="real" from="28800" to="86400" resolved="yes"/>
    <change idref="t1" attribute="noEarlierThanConstraintDate" type="date" to="2019-01-07T08:00:00.000Z" resolved="yes"/>
  </task-change-set>
  <task-change-set user="屠子睿" date="2019-01-03T18:51:26.221Z" timestamp="2019-01-03T18:51:26.221Z">
    <change idref="t1" attribute="isGroup" type="real" from="0" to="1"/>
    <change idref="t1" attribute="multiResourceWorkType" type="real" from="0"/>
    <change idref="t1" attribute="isSplittableTask" type="real" from="1"/>
    <change idref="t1" attribute="taskType" type="real" from="0" to="2"/>
    <change idref="t1" attribute="title" type="string" from="论文收集" to="论文收"/>
    <change idref="t1" attribute="resourceAssignmentType" type="real" from="0"/>
    <change idref="t1" attribute="staticCost" type="real" from="0"/>
    <change idref="t1" attribute="effort" type="real" from="86400"/>
    <change idref="t1" attribute="isSplitChunk" type="real" from="0"/>
    <change idref="t1" attribute="scheduleType" type="real" from="0"/>
    <change idref="t1" attribute="internalAssignments" type="string" from=""/>
    <change idref="t1" attribute="isSplitTask" type="real" from="0"/>
    <change idref="t1" attribute="internalEffortDone" type="real" from="0"/>
    <change idref="t4" to="t1" to-position="0">
      <change idref="t4" attribute="effort" type="real" from="28800" to="57600"/>
      <change idref="t4" attribute="title" type="string" to="kaggle disccusion"/>
    </change>
    <change idref="t5" to="t1" to-position="1">
      <change idref="t5" attribute="noEarlierThanConstraintDate" type="date" to="2019-01-09T08:00:00.000Z"/>
      <change idref="t5" attribute="title" type="string" to="确定工具(暂定pytorch), 大致method"/>
    </change>
    <change idref="t2" attribute="isGroup" type="real" from="0" to="1"/>
    <change idref="t2" attribute="multiResourceWorkType" type="real" from="0"/>
    <change idref="t2" attribute="isSplittableTask" type="real" from="1"/>
    <change idref="t2" attribute="taskType" type="real" from="0" to="2"/>
    <change idref="t2" attribute="resourceAssignmentType" type="real" from="0"/>
    <change idref="t2" attribute="staticCost" type="real" from="0"/>
    <change idref="t2" attribute="effort" type="real" from="86400"/>
    <change idref="t2" attribute="isSplitChunk" type="real" from="0"/>
    <change idref="t2" attribute="scheduleType" type="real" from="0"/>
    <change idref="t2" attribute="internalAssignments" type="string" from=""/>
    <change idref="t2" attribute="isSplitTask" type="real" from="0"/>
    <change idref="t2" attribute="internalEffortDone" type="real" from="0"/>
    <change idref="t6" to="t2" to-position="0">
      <change idref="t6" attribute="title" type="string" to="确定大致method"/>
    </change>
    <change idref="t7" to="t2" to-position="1">
      <change idref="t7" attribute="effort" type="real" from="28800" to="57600"/>
      <change idref="t7" attribute="noEarlierThanConstraintDate" type="date" to="2019-01-10T08:00:00.000Z"/>
      <change idref="t7" attribute="title" type="string" to="细化功能模块，数据预处理过程"/>
    </change>
    <change idref="t3" attribute="isGroup" type="real" from="0" to="1"/>
    <change idref="t3" attribute="multiResourceWorkType" type="real" from="0"/>
    <change idref="t3" attribute="isSplittableTask" type="real" from="1"/>
    <change idref="t3" attribute="taskType" type="real" from="0" to="2"/>
    <change idref="t3" attribute="resourceAssignmentType" type="real" from="0"/>
    <change idref="t3" attribute="staticCost" type="real" from="0"/>
    <change idref="t3" attribute="effort" type="real" from="144000"/>
    <change idref="t3" attribute="isSplitChunk" type="real" from="0"/>
    <change idref="t3" attribute="scheduleType" type="real" from="0"/>
    <change idref="t3" attribute="noEarlierThanConstraintDate" type="date" from="2019-01-11T08:00:00.000Z" to="2019-01-14T08:00:00.000Z"/>
    <change idref="t3" attribute="internalAssignments" type="string" from=""/>
    <change idref="t3" attribute="isSplitTask" type="real" from="0"/>
    <change idref="t3" attribute="internalEffortDone" type="real" from="0"/>
    <change idref="t8" to="t3" to-position="0">
      <change idref="t8" attribute="effort" type="real" from="28800" to="57600"/>
      <change idref="t8" attribute="title" type="string" to="预处理"/>
    </change>
    <change idref="t9" to="t3" to-position="1">
      <change idref="t9" attribute="effort" type="real" from="28800" to="57600"/>
      <change idref="t9" attribute="internalPrerequisitesString" type="string" to="8FS"/>
      <change idref="t9" attribute="title" type="string" to="训练模块"/>
    </change>
    <change idref="t13" to="t3" to-position="2">
      <change idref="t13" attribute="internalPrerequisitesString" type="string" to="9FS"/>
      <change idref="t13" attribute="title" type="string" to="评估baseline性能"/>
    </change>
  </task-change-set>
  <metadata-change-set user="屠子睿" date="2019-01-03T18:42:48.516Z" timestamp="2019-01-03T18:42:48.516Z">
    <change idref="m1" attribute="fixedDate" type="date" from="2007-01-01T20:00:00.000Z" to="2019-01-03T08:00:00.000Z" resolved="yes"/>
    <change idref="m1" attribute="currencyName" type="string" to="¥1,234.56" resolved="yes"/>
  </metadata-change-set>
</changelog>
