<?xml version="1.0" encoding="UTF-8"?>
<scenario xmlns="http://www.omnigroup.com/namespace/OmniPlan/v2" xmlns:opns="http://www.omnigroup.com/namespace/OmniPlan/v2" id="lTUHiEkcqrw">
  <start-date>2019-01-03T08:00:00.000Z</start-date>
  <prototype-task>
    <task id="t-2">
      <title>Task 1</title>
      <effort>28800</effort>
    </task>
  </prototype-task>
  <prototype-task>
    <task id="t-3">
      <title>Milestone 1</title>
      <type>milestone</type>
    </task>
  </prototype-task>
  <prototype-task>
    <task id="t-4">
      <title>Group 1</title>
      <type>group</type>
    </task>
  </prototype-task>
  <prototype-resource>
    <resource id="r-2">
      <name>Resource 1</name>
      <type>Staff</type>
    </resource>
  </prototype-resource>
  <prototype-resource>
    <resource id="r-3">
      <name>Equipment 1</name>
      <type>Equipment</type>
    </resource>
  </prototype-resource>
  <prototype-resource>
    <resource id="r-4">
      <name>Material 1</name>
      <type>Material</type>
      <units-available>0</units-available>
      <efficiency>0</efficiency>
    </resource>
  </prototype-resource>
  <prototype-resource>
    <resource id="r-5">
      <name>Group 1</name>
      <type>Group</type>
    </resource>
  </prototype-resource>
  <top-resource idref="r-1"/>
  <resource id="r-1">
    <name/>
    <type>Group</type>
    <child-resource idref="r1"/>
  </resource>
  <resource id="r1">
    <name>Resource 1</name>
    <type>Staff</type>
  </resource>
  <top-task idref="t-1"/>
  <task id="t-1">
    <type>group</type>
    <child-task idref="t1"/>
    <child-task idref="t2"/>
    <child-task idref="t3"/>
  </task>
  <task id="t1">
    <title>论文收</title>
    <type>group</type>
    <start-constraint-date>2019-01-07T08:00:00.000Z</start-constraint-date>
    <child-task idref="t4"/>
    <child-task idref="t5"/>
    <start-no-earlier-than>2019-01-07T08:00:00.000Z</start-no-earlier-than>
  </task>
  <task id="t2">
    <title>确定结构和具体方案</title>
    <type>group</type>
    <start-constraint-date>2019-01-09T08:00:00.000Z</start-constraint-date>
    <child-task idref="t6"/>
    <child-task idref="t7"/>
    <start-no-earlier-than>2019-01-09T08:00:00.000Z</start-no-earlier-than>
  </task>
  <task id="t3">
    <title>实现baseline</title>
    <type>group</type>
    <start-constraint-date>2019-01-14T08:00:00.000Z</start-constraint-date>
    <child-task idref="t8"/>
    <child-task idref="t9"/>
    <child-task idref="t13"/>
    <start-no-earlier-than>2019-01-14T08:00:00.000Z</start-no-earlier-than>
  </task>
  <task id="t4">
    <title>kaggle disccusion</title>
    <effort>57600</effort>
  </task>
  <task id="t5">
    <title>确定工具(暂定pytorch), 大致method</title>
    <effort>28800</effort>
    <start-constraint-date>2019-01-09T08:00:00.000Z</start-constraint-date>
    <start-no-earlier-than>2019-01-09T08:00:00.000Z</start-no-earlier-than>
  </task>
  <task id="t6">
    <title>确定大致method</title>
    <effort>28800</effort>
  </task>
  <task id="t7">
    <title>细化功能模块，数据预处理过程</title>
    <effort>57600</effort>
    <start-constraint-date>2019-01-10T08:00:00.000Z</start-constraint-date>
    <start-no-earlier-than>2019-01-10T08:00:00.000Z</start-no-earlier-than>
  </task>
  <task id="t8">
    <title>预处理</title>
    <effort>57600</effort>
  </task>
  <task id="t9">
    <title>训练模块</title>
    <effort>57600</effort>
    <prerequisite-task idref="t8"/>
  </task>
  <task id="t13">
    <title>评估baseline性能</title>
    <effort>28800</effort>
    <prerequisite-task idref="t9"/>
  </task>
  <critical-path root="-1" enabled="false" resources="false">
    <color space="srgb" r="1" g="0.5" b="0.5"/>
  </critical-path>
</scenario>
